File ID,Rep ID,Treatment,Spp,Timepoint,Cell count,Dilution ,Actual Cell count
Pc_TPC_T0_181021,R1,15c,PcB,T0,1486,1,1486
Pc_TPC_T0_181021,R2,15c,PcB,T0,1454,1,1454
Pc_TPC_T0_181021,R3,15c,PcB,T0,1534,1,1534
Pc_TPC_T0_181021,R1,18c,PcB,T0,1368,1,1368
Pc_TPC_T0_181021,R2,18c,PcB,T0,1387,1,1387
Pc_TPC_T0_181021,R3,18c,PcB,T0,1499,1,1499
Pc_TPC_T0_181021,R1,20c,PcB,T0,1498,1,1498
Pc_TPC_T0_181021,R2,20c,PcB,T0,1510,1,1510
Pc_TPC_T0_181021,R3,20c,PcB,T0,1401,1,1401
Pc_TPC_T0_181021,R1,23c,PcB,T0,1500,1,1500
Pc_TPC_T0_181021,R2,23c,PcB,T0,1486,1,1486
Pc_TPC_T0_181021,R3,23c,PcB,T0,1523,1,1523
Pc_TPC_T0_181021,R1,25c,PcB,T0,1248,1,1248
Pc_TPC_T0_181021,R2,25c,PcB,T0,1425,1,1425
Pc_TPC_T0_181021,R3,25c,PcB,T0,1367,1,1367
Pc_TPC_T0_181021,R1,27c,PcB,T0,1160,1,1160
Pc_TPC_T0_181021,R2,27c,PcB,T0,1408,1,1408
Pc_TPC_T0_181021,R3,27c,PcB,T0,1252,1,1252
Pc_TPC_T0_181021,R1,29c,PcB,T0,1297,1,1297
Pc_TPC_T0_181021,R2,29c,PcB,T0,1404,1,1404
Pc_TPC_T0_181021,R3,29c,PcB,T0,1469,1,1469
Pc_TPC_T0_181021,R1,30c,PcB,T0,503,1,503
Pc_TPC_T0_181021,R2,30c,PcB,T0,518,1,518
Pc_TPC_T0_181021,R3,30c,PcB,T0,463,1,463
Pc_TPC_T1_191021,R1,15c,PcB,T1,1499,1,1499
Pc_TPC_T1_191021,R2,15c,PcB,T1,1585,1,1585
Pc_TPC_T1_191021,R3,15c,PcB,T1,1521,1,1521
Pc_TPC_T1_191021,R1,18c,PcB,T1,1800,1,1800
Pc_TPC_T1_191021,R2,18c,PcB,T1,1590,1,1590
Pc_TPC_T1_191021,R3,18c,PcB,T1,1864,1,1864
Pc_TPC_T1_191021,R1,20c,PcB,T1,1955,1,1955
Pc_TPC_T1_191021,R2,20c,PcB,T1,1803,1,1803
Pc_TPC_T1_191021,R3,20c,PcB,T1,1659,1,1659
Pc_TPC_T1_191021,R1,23c,PcB,T1,1979,1,1979
Pc_TPC_T1_191021,R2,23c,PcB,T1,2054,1,2054
Pc_TPC_T1_191021,R3,23c,PcB,T1,2072,1,2072
Pc_TPC_T1_191021,R1,25c,PcB,T1,1420,1,1420
Pc_TPC_T1_191021,R2,25c,PcB,T1,1736,1,1736
Pc_TPC_T1_191021,R3,25c,PcB,T1,1916,1,1916
Pc_TPC_T1_191021,R1,27c,PcB,T1,1756,1,1756
Pc_TPC_T1_191021,R2,27c,PcB,T1,1479,1,1479
Pc_TPC_T1_191021,R3,27c,PcB,T1,1746,1,1746
Pc_TPC_T1_191021,R1,29c,PcB,T1,1631,1,1631
Pc_TPC_T1_191021,R2,29c,PcB,T1,1668,1,1668
Pc_TPC_T1_191021,R3,29c,PcB,T1,1939,1,1939
Pc_TPC_T1_191021,R1,30c,PcB,T1,546,1,546
Pc_TPC_T1_191021,R2,30c,PcB,T1,539,1,539
Pc_TPC_T1_191021,R3,30c,PcB,T1,504,1,504
Pc_TPC_T2_201021,R1,15c,PcB,T2,1708,1,1708
Pc_TPC_T2_201021,R2,15c,PcB,T2,1579,1,1579
Pc_TPC_T2_201021,R3,15c,PcB,T2,1506,1,1506
Pc_TPC_T2_201021,R1,18c,PcB,T2,2260,1,2260
Pc_TPC_T2_201021,R2,18c,PcB,T2,1967,1,1967
Pc_TPC_T2_201021,R3,18c,PcB,T2,2320,1,2320
Pc_TPC_T2_201021,R1,20c,PcB,T2,3197,1,3197
Pc_TPC_T2_201021,R2,20c,PcB,T2,2856,1,2856
Pc_TPC_T2_201021,R3,20c,PcB,T2,2687,1,2687
Pc_TPC_T2_201021,R1,23c,PcB,T2,2927,1,2927
Pc_TPC_T2_201021,R2,23c,PcB,T2,3543,1,3543
Pc_TPC_T2_201021,R3,23c,PcB,T2,3820,1,3820
Pc_TPC_T2_201021,R1,25c,PcB,T2,2082,1,2082
Pc_TPC_T2_201021,R2,25c,PcB,T2,3064,1,3064
Pc_TPC_T2_201021,R3,25c,PcB,T2,3562,1,3562
Pc_TPC_T2_201021,R1,27c,PcB,T2,2693,1,2693
Pc_TPC_T2_201021,R2,27c,PcB,T2,1862,1,1862
Pc_TPC_T2_201021,R3,27c,PcB,T2,2675,1,2675
Pc_TPC_T2_201021,R1,29c,PcB,T2,1941,1,1941
Pc_TPC_T2_201021,R2,29c,PcB,T2,1986,1,1986
Pc_TPC_T2_201021,R3,29c,PcB,T2,2195,1,2195
Pc_TPC_T2_201021,R1,30c,PcB,T2,578,1,578
Pc_TPC_T2_201021,R2,30c,PcB,T2,463,1,463
Pc_TPC_T2_201021,R3,30c,PcB,T2,453,1,453
Pc_TPC_T3_211021,R1,15c,PcB,T3,2076,1,2076
Pc_TPC_T3_211021,R2,15c,PcB,T3,1963,1,1963
Pc_TPC_T3_211021,R3,15c,PcB,T3,1835,1,1835
Pc_TPC_T3_211021,R1,18c,PcB,T3,2992,1,2992
Pc_TPC_T3_211021,R2,18c,PcB,T3,2627,1,2627
Pc_TPC_T3_211021,R3,18c,PcB,T3,3082,1,3082
Pc_TPC_T3_211021,R1,20c,PcB,T3,4701,1,4701
Pc_TPC_T3_211021,R2,20c,PcB,T3,4633,1,4633
Pc_TPC_T3_211021,R3,20c,PcB,T3,3853,1,3853
Pc_TPC_T3_211021,R1,23c,PcB,T3,4350,1,4350
Pc_TPC_T3_211021,R2,23c,PcB,T3,5471,1,5471
Pc_TPC_T3_211021,R3,23c,PcB,T3,5666,1,5666
Pc_TPC_T3_211021,R1,25c,PcB,T3,3806,1,3806
Pc_TPC_T3_211021,R2,25c,PcB,T3,5142,1,5142
Pc_TPC_T3_211021,R3,25c,PcB,T3,6681,1,6681
Pc_TPC_T3_211021,R1,27c,PcB,T3,3971,1,3971
Pc_TPC_T3_211021,R2,27c,PcB,T3,2911,1,2911
Pc_TPC_T3_211021,R3,27c,PcB,T3,3226,1,3226
Pc_TPC_T3_211021,R1,29c,PcB,T3,2398,1,2398
Pc_TPC_T3_211021,R2,29c,PcB,T3,2527,1,2527
Pc_TPC_T3_211021,R3,29c,PcB,T3,3193,1,3193
Pc_TPC_T3_211021,R1,30c,PcB,T3,502,1,502
Pc_TPC_T3_211021,R2,30c,PcB,T3,497,1,497
Pc_TPC_T3_211021,R3,30c,PcB,T3,489,1,489
Pc_TPC_T4_221021,R1,15c,PcB,T4,2434,1,2434
Pc_TPC_T4_221021,R2,15c,PcB,T4,2145,1,2145
Pc_TPC_T4_221021,R3,15c,PcB,T4,1992,1,1992
Pc_TPC_T4_221021,R1,18c,PcB,T4,4418,1,4418
Pc_TPC_T4_221021,R2,18c,PcB,T4,3467,1,3467
Pc_TPC_T4_221021,R3,18c,PcB,T4,4356,1,4356
Pc_TPC_T4_221021,R1,20c,PcB,T4,9810,1,9810
Pc_TPC_T4_221021,R2,20c,PcB,T4,9049,1,9049
Pc_TPC_T4_221021,R3,20c,PcB,T4,7618,1,7618
Pc_TPC_T4_221021,R1,23c,PcB,T4,7098,1,7098
Pc_TPC_T4_221021,R2,23c,PcB,T4,10627,1,10627
Pc_TPC_T4_221021,R3,23c,PcB,T4,11631,1,11631
Pc_TPC_T4_221021,R1,25c,PcB,T4,7562,1,7562
Pc_TPC_T4_221021,R2,25c,PcB,T4,11805,1,11805
Pc_TPC_T4_221021,R3,25c,PcB,T4,15102,1,15102
Pc_TPC_T4_221021,R1,27c,PcB,T4,7162,1,7162
Pc_TPC_T4_221021,R2,27c,PcB,T4,5171,1,5171
Pc_TPC_T4_221021,R3,27c,PcB,T4,7930,1,7930
Pc_TPC_T4_221021,R1,29c,PcB,T4,3495,1,3495
Pc_TPC_T4_221021,R2,29c,PcB,T4,3973,1,3973
Pc_TPC_T4_221021,R3,29c,PcB,T4,4613,1,4613
Pc_TPC_T4_221021,R1,30c,PcB,T4,527,1,527
Pc_TPC_T4_221021,R2,30c,PcB,T4,496,1,496
Pc_TPC_T4_221021,R3,30c,PcB,T4,522,1,522
Pc_TPC_T5_231021,R1,15c,PcB,T5,2551,1,2551
Pc_TPC_T5_231021,R2,15c,PcB,T5,2302,1,2302
Pc_TPC_T5_231021,R3,15c,PcB,T5,2056,1,2056
Pc_TPC_T5_231021,R1,18c,PcB,T5,6347,1,6347
Pc_TPC_T5_231021,R2,18c,PcB,T5,5209,1,5209
Pc_TPC_T5_231021,R3,18c,PcB,T5,6344,1,6344
Pc_TPC_T5_231021,R1,20c,PcB,T5,17198,1,17198
Pc_TPC_T5_231021,R2,20c,PcB,T5,15267,1,15267
Pc_TPC_T5_231021,R3,20c,PcB,T5,13152,1,13152
Pc_TPC_T5_231021,R1,23c,PcB,T5,10269,1,10269
Pc_TPC_T5_231021,R2,23c,PcB,T5,19135,1,19135
Pc_TPC_T5_231021,R3,23c,PcB,T5,21043,1,21043
Pc_TPC_T5_231021,R1,25c,PcB,T5,15613,1,15613
Pc_TPC_T5_231021,R2,25c,PcB,T5,24427,1,24427
Pc_TPC_T5_231021,R3,25c,PcB,T5,31147,1,31147
Pc_TPC_T5_231021,R1,27c,PcB,T5,13415,1,13415
Pc_TPC_T5_231021,R2,27c,PcB,T5,8768,1,8768
Pc_TPC_T5_231021,R3,27c,PcB,T5,14049,1,14049
Pc_TPC_T5_231021,R1,29c,PcB,T5,5140,1,5140
Pc_TPC_T5_231021,R2,29c,PcB,T5,5666,1,5666
Pc_TPC_T5_231021,R3,29c,PcB,T5,6641,1,6641
Pc_TPC_T5_231021,R1,30c,PcB,T5,6260,1,6260
Pc_TPC_T5_231021,R2,30c,PcB,T5,726,1,726
Pc_TPC_T5_231021,R3,30c,PcB,T5,602,1,602
Pc_TPC_T6_241021,R1,15c,PcB,T6,2481,1,2481
Pc_TPC_T6_241021,R2,15c,PcB,T6,2377,1,2377
Pc_TPC_T6_241021,R3,15c,PcB,T6,2251,1,2251
Pc_TPC_T6_241021,R1,18c,PcB,T6,9225,1,9225
Pc_TPC_T6_241021,R2,18c,PcB,T6,7321,1,7321
Pc_TPC_T6_241021,R3,18c,PcB,T6,8710,1,8710
Pc_TPC_T6_241021,R1,20c,PcB,T6,30304,1,30304
Pc_TPC_T6_241021,R2,20c,PcB,T6,25855,1,25855
Pc_TPC_T6_241021,R3,20c,PcB,T6,22542,1,22542
Pc_TPC_T6_241021,R1,23c,PcB,T6,16516,1,16516
Pc_TPC_T6_241021,R2,23c,PcB,T6,33490,1,33490
Pc_TPC_T6_241021,R3,23c,PcB,T6,37953,1,37953
Pc_TPC_T6_241021,R1,25c,PcB,T6,31348,1,31348
Pc_TPC_T6_241021,R2,25c,PcB,T6,49804,1,49804
Pc_TPC_T6_241021,R3,25c,PcB,T6,65617,1,65617
Pc_TPC_T6_241021,R1,27c,PcB,T6,25424,1,25424
Pc_TPC_T6_241021,R2,27c,PcB,T6,16118,1,16118
Pc_TPC_T6_241021,R3,27c,PcB,T6,24787,1,24787
Pc_TPC_T6_241021,R1,29c,PcB,T6,7954,1,7954
Pc_TPC_T6_241021,R2,29c,PcB,T6,8785,1,8785
Pc_TPC_T6_241021,R3,29c,PcB,T6,10289,1,10289
Pc_TPC_T6_241021,R1,30c,PcB,T6,572,1,572
Pc_TPC_T6_241021,R2,30c,PcB,T6,458,1,458
Pc_TPC_T6_241021,R3,30c,PcB,T6,494,1,494
Pc_TPC_T7_251021,R1,15c,PcB,T7,2443,1,2443
Pc_TPC_T7_251021,R2,15c,PcB,T7,2276,1,2276
Pc_TPC_T7_251021,R3,15c,PcB,T7,2118,1,2118
Pc_TPC_T7_251021,R1,18c,PcB,T7,12774,1,12774
Pc_TPC_T7_251021,R2,18c,PcB,T7,9610,1,9610
Pc_TPC_T7_251021,R3,18c,PcB,T7,11991,1,11991
Pc_TPC_T7_251021,R1,20c,PcB,T7,45539,1,45539
Pc_TPC_T7_251021,R2,20c,PcB,T7,40422,1,40422
Pc_TPC_T7_251021,R3,20c,PcB,T7,33995,1,33995
Pc_TPC_T7_251021,R1,23c,PcB,T7,25873,1,25873
Pc_TPC_T7_251021,R2,23c,PcB,T7,66847,1,66847
Pc_TPC_T7_251021,R3,23c,PcB,T7,66375,1,66375
Pc_TPC_T7_251021,R1,25c,PcB,T7,54103,1,54103
Pc_TPC_T7_251021,R2,25c,PcB,T7,86203,1,86203
Pc_TPC_T7_251021,R3,25c,PcB,T7,113908,1,113908
Pc_TPC_T7_251021,R1,27c,PcB,T7,39239,1,39239
Pc_TPC_T7_251021,R2,27c,PcB,T7,26068,1,26068
Pc_TPC_T7_251021,R3,27c,PcB,T7,39237,1,39237
Pc_TPC_T7_251021,R1,29c,PcB,T7,11431,1,11431
Pc_TPC_T7_251021,R2,29c,PcB,T7,12582,1,12582
Pc_TPC_T7_251021,R3,29c,PcB,T7,14810,1,14810
Pc_TPC_T7_251021,R1,30c,PcB,T7,474,1,474
Pc_TPC_T7_251021,R2,30c,PcB,T7,489,1,489
Pc_TPC_T7_251021,R3,30c,PcB,T7,512,1,512
Pc_TPC_T8_261021,R1,15c,PcB,T8,2473,1,2473
Pc_TPC_T8_261021,R2,15c,PcB,T8,2156,1,2156
Pc_TPC_T8_261021,R3,15c,PcB,T8,2019,1,2019
Pc_TPC_T8_261021,R1,18c,PcB,T8,18474,1,18474
Pc_TPC_T8_261021,R2,18c,PcB,T8,13229,1,13229
Pc_TPC_T8_261021,R3,18c,PcB,T8,16272,1,16272
Pc_TPC_T8_261021,R1,20c,PcB,T8,79000,1,79000
Pc_TPC_T8_261021,R2,20c,PcB,T8,71545,1,71545
Pc_TPC_T8_261021,R3,20c,PcB,T8,55611,1,55611
Pc_TPC_T8_261021,R1,23c,PcB,T8,43723,1,43723
Pc_TPC_T8_261021,R2,23c,PcB,T8,116037,1,116037
Pc_TPC_T8_261021,R3,23c,PcB,T8,129181,1,129181
Pc_TPC_T8_261021,R1,25c,PcB,T8,112411,1,112411
Pc_TPC_T8_261021,R2,25c,PcB,T8,137271,1,137271
Pc_TPC_T8_261021,R3,25c,PcB,T8,164083,1,164083
Pc_TPC_T8_261021,R1,27c,PcB,T8,70882,1,70882
Pc_TPC_T8_261021,R2,27c,PcB,T8,46917,1,46917
Pc_TPC_T8_261021,R3,27c,PcB,T8,68915,1,68915
Pc_TPC_T8_261021,R1,29c,PcB,T8,18918,1,18918
Pc_TPC_T8_261021,R2,29c,PcB,T8,21085,1,21085
Pc_TPC_T8_261021,R3,29c,PcB,T8,22870,1,22870
Pc_TPC_T8_261021,R1,30c,PcB,T8,420,1,420
Pc_TPC_T8_261021,R2,30c,PcB,T8,419,1,419
Pc_TPC_T8_261021,R3,30c,PcB,T8,416,1,416
Pc_TPC_T9_271021,R1,15c,PcB,T9,2015,1,2015
Pc_TPC_T9_271021,R2,15c,PcB,T9,2019,1,2019
Pc_TPC_T9_271021,R3,15c,PcB,T9,2142,1,2142
Pc_TPC_T9_271021,R1,18c,PcB,T9,28170,1,28170
Pc_TPC_T9_271021,R2,18c,PcB,T9,20036,1,20036
Pc_TPC_T9_271021,R3,18c,PcB,T9,24351,1,24351
Pc_TPC_T9_271021,R1,20c,PcB,T9,137367,1,137367
Pc_TPC_T9_271021,R2,20c,PcB,T9,120107,1,120107
Pc_TPC_T9_271021,R3,20c,PcB,T9,96514,1,96514
Pc_TPC_T9_271021,R1,23c,PcB,T9,8230,10,82300
Pc_TPC_T9_271021,R2,23c,PcB,T9,21952,10,219520
Pc_TPC_T9_271021,R3,23c,PcB,T9,24416,10,244160
Pc_TPC_T9_271021,R1,25c,PcB,T9,24022,10,240220
Pc_TPC_T9_271021,R2,25c,PcB,T9,31338,10,313380
Pc_TPC_T9_271021,R3,25c,PcB,T9,40736,10,407360
Pc_TPC_T9_271021,R1,27c,PcB,T9,109229,1,109229
Pc_TPC_T9_271021,R2,27c,PcB,T9,76552,1,76552
Pc_TPC_T9_271021,R3,27c,PcB,T9,107739,1,107739
Pc_TPC_T9_271021,R1,29c,PcB,T9,24075,1,24075
Pc_TPC_T9_271021,R2,29c,PcB,T9,29244,1,29244
Pc_TPC_T9_271021,R3,29c,PcB,T9,32595,1,32595
Pc_TPC_T9_271021,R1,30c,PcB,T9,419,1,419
Pc_TPC_T9_271021,R2,30c,PcB,T9,294,1,294
Pc_TPC_T9_271021,R3,30c,PcB,T9,424,1,424
Pc_TPC_T10_281021,R1,15c,PcB,T10,2480,1,2480
Pc_TPC_T10_281021,R2,15c,PcB,T10,2290,1,2290
Pc_TPC_T10_281021,R3,15c,PcB,T10,2042,1,2042
Pc_TPC_T10_281021,R1,18c,PcB,T10,40943,1,40943
Pc_TPC_T10_281021,R2,18c,PcB,T10,29490,1,29490
Pc_TPC_T10_281021,R3,18c,PcB,T10,37202,1,37202
Pc_TPC_T10_281021,R1,20c,PcB,T10,26178,10,261780
Pc_TPC_T10_281021,R2,20c,PcB,T10,23199,10,231990
Pc_TPC_T10_281021,R3,20c,PcB,T10,18243,10,182430
Pc_TPC_T10_281021,R1,23c,PcB,T10,13978,10,139780
Pc_TPC_T10_281021,R2,23c,PcB,T10,51388,10,513880
Pc_TPC_T10_281021,R3,23c,PcB,T10,52719,10,527190
Pc_TPC_T10_281021,R1,25c,PcB,T10,47408,10,474080
Pc_TPC_T10_281021,R2,25c,PcB,T10,73149,10,731490
Pc_TPC_T10_281021,R3,25c,PcB,T10,88097,10,880970
Pc_TPC_T10_281021,R1,27c,PcB,T10,22498,10,224980
Pc_TPC_T10_281021,R2,27c,PcB,T10,15238,10,152380
Pc_TPC_T10_281021,R3,27c,PcB,T10,24519,10,245190
Pc_TPC_T10_281021,R1,29c,PcB,T10,47666,1,47666
Pc_TPC_T10_281021,R2,29c,PcB,T10,55155,1,55155
Pc_TPC_T10_281021,R3,29c,PcB,T10,59089,1,59089
Pc_TPC_T10_281021,R1,30c,PcB,T10,505,1,505
Pc_TPC_T10_281021,R2,30c,PcB,T10,429,1,429
Pc_TPC_T10_281021,R3,30c,PcB,T10,485,1,485
Pc_TPC_T11_291021,R1,15c,PcB,T11,2563,1,2563
Pc_TPC_T11_291021,R2,15c,PcB,T11,2438,1,2438
Pc_TPC_T11_291021,R3,15c,PcB,T11,2037,1,2037
Pc_TPC_T11_291021,R1,18c,PcB,T11,62222,1,62222
Pc_TPC_T11_291021,R2,18c,PcB,T11,44445,1,44445
Pc_TPC_T11_291021,R3,18c,PcB,T11,52307,10,523070
Pc_TPC_T11_291021,R1,20c,PcB,T11,42719,10,427190
Pc_TPC_T11_291021,R2,20c,PcB,T11,38685,10,386850
Pc_TPC_T11_291021,R3,20c,PcB,T11,31751,10,317510
Pc_TPC_T11_291021,R1,23c,PcB,T11,21614,10,216140
Pc_TPC_T11_291021,R2,23c,PcB,T11,84572,10,845720
Pc_TPC_T11_291021,R3,23c,PcB,T11,93747,10,937470
Pc_TPC_T11_291021,R1,25c,PcB,T11,80579,10,805790
Pc_TPC_T11_291021,R2,25c,PcB,T11,120573,10,1205730
Pc_TPC_T11_291021,R3,25c,PcB,T11,143482,10,1434820
Pc_TPC_T11_291021,R1,27c,PcB,T11,34993,10,349930
Pc_TPC_T11_291021,R2,27c,PcB,T11,24994,10,249940
Pc_TPC_T11_291021,R3,27c,PcB,T11,40066,1,40066
Pc_TPC_T11_291021,R1,29c,PcB,T11,73973,1,73973
Pc_TPC_T11_291021,R2,29c,PcB,T11,82604,1,82604
Pc_TPC_T11_291021,R3,29c,PcB,T11,89882,1,89882
Pc_TPC_T11_291021,R1,30c,PcB,T11,522,1,522
Pc_TPC_T11_291021,R2,30c,PcB,T11,501,1,501
Pc_TPC_T11_291021,R3,30c,PcB,T11,439,1,439
Pc_TPC_T12_301021,R1,15c,PcB,T12,2456,1,2456
Pc_TPC_T12_301021,R2,15c,PcB,T12,2340,1,2340
Pc_TPC_T12_301021,R3,15c,PcB,T12,2024,1,2024
Pc_TPC_T12_301021,R1,18c,PcB,T12,9237,10,92370
Pc_TPC_T12_301021,R2,18c,PcB,T12,6716,10,67160
Pc_TPC_T12_301021,R3,18c,PcB,T12,8188,10,81880
Pc_TPC_T12_301021,R1,20c,PcB,T12,63642,10,636420
Pc_TPC_T12_301021,R2,20c,PcB,T12,61848,10,618480
Pc_TPC_T12_301021,R3,20c,PcB,T12,50927,10,509270
Pc_TPC_T12_301021,R1,23c,PcB,T12,35355,10,353550
Pc_TPC_T12_301021,R2,23c,PcB,T12,139430,10,1394300
Pc_TPC_T12_301021,R3,23c,PcB,T12,156255,10,1562550
Pc_TPC_T12_301021,R1,25c,PcB,T12,135110,10,1351100
Pc_TPC_T12_301021,R2,25c,PcB,T12,150165,10,1501650
Pc_TPC_T12_301021,R3,25c,PcB,T12,162872,10,1628720
Pc_TPC_T12_301021,R1,27c,PcB,T12,55711,10,557110
Pc_TPC_T12_301021,R2,27c,PcB,T12,43161,10,431610
Pc_TPC_T12_301021,R3,27c,PcB,T12,66557,10,665570
Pc_TPC_T12_301021,R1,29c,PcB,T12,113248,1,113248
Pc_TPC_T12_301021,R2,29c,PcB,T12,127917,1,127917
Pc_TPC_T12_301021,R3,29c,PcB,T12,134865,1,134865
Pc_TPC_T12_301021,R1,30c,PcB,T12,604,1,604
Pc_TPC_T12_301021,R2,30c,PcB,T12,503,1,503
Pc_TPC_T12_301021,R3,30c,PcB,T12,534,1,534
Pc_TPC_T13_311021,R1,15c,PcB,T13,2278,1,2278
Pc_TPC_T13_311021,R2,15c,PcB,T13,2081,1,2081
Pc_TPC_T13_311021,R3,15c,PcB,T13,1777,1,1777
Pc_TPC_T13_311021,R1,18c,PcB,T13,16287,10,162870
Pc_TPC_T13_311021,R2,18c,PcB,T13,11742,10,117420
Pc_TPC_T13_311021,R3,18c,PcB,T13,14745,10,147450
Pc_TPC_T13_311021,R1,20c,PcB,T13,125831,10,1258310
Pc_TPC_T13_311021,R2,20c,PcB,T13,117850,10,1178500
Pc_TPC_T13_311021,R3,20c,PcB,T13,96719,10,967190
Pc_TPC_T13_311021,R1,23c,PcB,T13,7062,100,706200
Pc_TPC_T13_311021,R2,23c,PcB,T13,23331,100,2333100
Pc_TPC_T13_311021,R3,23c,PcB,T13,23875,100,2387500
Pc_TPC_T13_311021,R1,25c,PcB,T13,21379,100,2137900
Pc_TPC_T13_311021,R2,25c,PcB,T13,26860,100,2686000
Pc_TPC_T13_311021,R3,25c,PcB,T13,26241,100,2624100
Pc_TPC_T13_311021,R1,27c,PcB,T13,103599,10,1035990
Pc_TPC_T13_311021,R2,27c,PcB,T13,82023,10,820230
Pc_TPC_T13_311021,R3,27c,PcB,T13,125879,10,1258790
Pc_TPC_T13_311021,R1,29c,PcB,T13,22118,10,221180
Pc_TPC_T13_311021,R2,29c,PcB,T13,25282,10,252820
Pc_TPC_T13_311021,R3,29c,PcB,T13,26208,10,262080
Pc_TPC_T13_311021,R1,30c,PcB,T13,508,1,508
Pc_TPC_T13_311021,R2,30c,PcB,T13,474,1,474
Pc_TPC_T13_311021,R3,30c,PcB,T13,503,1,503
Pc_TPC_T14_011121,R1,15c,PcB,T14,2039,1,2039
Pc_TPC_T14_011121,R2,15c,PcB,T14,1919,1,1919
Pc_TPC_T14_011121,R3,15c,PcB,T14,1623,1,1623
Pc_TPC_T14_011121,R1,18c,PcB,T14,NA,NA,NA
Pc_TPC_T14_011121,R2,18c,PcB,T14,NA,NA,NA
Pc_TPC_T14_011121,R3,18c,PcB,T14,NA,NA,NA
Pc_TPC_T14_011121,R1,20c,PcB,T14,NA,NA,NA
Pc_TPC_T14_011121,R2,20c,PcB,T14,NA,NA,NA
Pc_TPC_T14_011121,R3,20c,PcB,T14,NA,NA,NA
Pc_TPC_T14_011121,R1,23c,PcB,T14,NA,NA,NA
Pc_TPC_T14_011121,R2,23c,PcB,T14,NA,NA,NA
Pc_TPC_T14_011121,R3,23c,PcB,T14,NA,NA,NA
Pc_TPC_T14_011121,R1,25c,PcB,T14,NA,NA,NA
Pc_TPC_T14_011121,R2,25c,PcB,T14,NA,NA,NA
Pc_TPC_T14_011121,R3,25c,PcB,T14,NA,NA,NA
Pc_TPC_T14_011121,R1,27c,PcB,T14,NA,NA,NA
Pc_TPC_T14_011121,R2,27c,PcB,T14,NA,NA,NA
Pc_TPC_T14_011121,R3,27c,PcB,T14,NA,NA,NA
Pc_TPC_T14_011121,R1,29c,PcB,T14,NA,NA,NA
Pc_TPC_T14_011121,R2,29c,PcB,T14,NA,NA,NA
Pc_TPC_T14_011121,R3,29c,PcB,T14,NA,NA,NA
Pc_TPC_T14_011121,R1,30c,PcB,T14,700,1,700
Pc_TPC_T14_011121,R2,30c,PcB,T14,522,1,522
Pc_TPC_T14_011121,R3,30c,PcB,T14,523,1,523
Pc_TPC_T15_021121,R1,15c,PcB,T15,1953,1,1953
Pc_TPC_T15_021121,R2,15c,PcB,T15,1848,1,1848
Pc_TPC_T15_021121,R3,15c,PcB,T15,1808,1,1808
Pc_TPC_T15_021121,R1,18c,PcB,T15,16396,10,163960
Pc_TPC_T15_021121,R2,18c,PcB,T15,20993,10,209930
Pc_TPC_T15_021121,R3,18c,PcB,T15,26271,10,262710
Pc_TPC_T15_021121,R1,20c,PcB,T15,22647,100,2264700
Pc_TPC_T15_021121,R2,20c,PcB,T15,31633,100,3163300
Pc_TPC_T15_021121,R3,20c,PcB,T15,13599,100,1359900
Pc_TPC_T15_021121,R1,23c,PcB,T15,13492,100,1349200
Pc_TPC_T15_021121,R2,23c,PcB,T15,26844,100,2684400
Pc_TPC_T15_021121,R3,23c,PcB,T15,49036,100,4903600
Pc_TPC_T15_021121,R1,25c,PcB,T15,62068,100,6206800
Pc_TPC_T15_021121,R2,25c,PcB,T15,51504,100,5150400
Pc_TPC_T15_021121,R3,25c,PcB,T15,41534,100,4153400
Pc_TPC_T15_021121,R1,27c,PcB,T15,21035,10,210350
Pc_TPC_T15_021121,R2,27c,PcB,T15,20351,10,203510
Pc_TPC_T15_021121,R3,27c,PcB,T15,17135,10,171350
Pc_TPC_T15_021121,R1,29c,PcB,T15,4495,10,44950
Pc_TPC_T15_021121,R2,29c,PcB,T15,5226,10,52260
Pc_TPC_T15_021121,R3,29c,PcB,T15,4449,10,44490
Pc_TPC_T15_021121,R1,30c,PcB,T15,480,1,480
Pc_TPC_T15_021121,R2,30c,PcB,T15,493,1,493
Pc_TPC_T15_021121,R3,30c,PcB,T15,483,1,483
Pc_TPC_T16_031121,R1,15c,PcB,T16,1828,1,1828
Pc_TPC_T16_031121,R2,15c,PcB,T16,1606,1,1606
Pc_TPC_T16_031121,R3,15c,PcB,T16,1441,1,1441
Pc_TPC_T16_031121,R1,18c,PcB,T16,42136,10,421360
Pc_TPC_T16_031121,R2,18c,PcB,T16,30593,10,305930
Pc_TPC_T16_031121,R3,18c,PcB,T16,37327,10,373270
Pc_TPC_T16_031121,R1,20c,PcB,T16,35915,100,3591500
Pc_TPC_T16_031121,R2,20c,PcB,T16,47326,100,4732600
Pc_TPC_T16_031121,R3,20c,PcB,T16,22645,100,2264500
Pc_TPC_T16_031121,R1,23c,PcB,T16,27928,100,2792800
Pc_TPC_T16_031121,R2,23c,PcB,T16,42249,100,4224900
Pc_TPC_T16_031121,R3,23c,PcB,T16,39296,100,3929600
Pc_TPC_T16_031121,R1,25c,PcB,T16,42548,100,4254800
Pc_TPC_T16_031121,R2,25c,PcB,T16,34546,100,3454600
Pc_TPC_T16_031121,R3,25c,PcB,T16,21373,100,2137300
Pc_TPC_T16_031121,R1,27c,PcB,T16,31564,10,315640
Pc_TPC_T16_031121,R2,27c,PcB,T16,21586,10,215860
Pc_TPC_T16_031121,R3,27c,PcB,T16,16635,10,166350
Pc_TPC_T16_031121,R1,29c,PcB,T16,58571,10,585710
Pc_TPC_T16_031121,R2,29c,PcB,T16,66676,10,666760
Pc_TPC_T16_031121,R3,29c,PcB,T16,67223,10,672230
Pc_TPC_T16_031121,R1,30c,PcB,T16,478,1,478
Pc_TPC_T16_031121,R2,30c,PcB,T16,524,1,524
Pc_TPC_T16_031121,R3,30c,PcB,T16,528,1,528
,,,,,,,
,0,1,BLANK,T0,578,1,578
,0,2,BLANK,T0,589,1,589
,0,3,BLANK,T0,591,1,591